mean_amplitude,median_amplitude,std_amplitude,peak_count,mean_interval,median_interval,std_interval
163.55770062364718,145.51133889171064,89.25725068701266,182,52.248618784530386,46.0,25.676032222462428
